ID,Name,WBS,Calendar_Type,Baseline Start,Duration_Raw,Duration_Months,Duration_Weeks,Duration_Days,Duration_Hours,Fixed Cost,Variable Cost,Optimistic,Most Probable,Pessimistic,PERT Expected,Reserve
1,Fabrication of pre-piling template,1.1.1,Agenda,2013-04-20 06:00:00,15d,0.0,0.0,15.0,0.0,1044000.0,0.0,192.0,240.0,288.0,240.0,96.0
2,Transportation of template and mounting on Jack Up Platform Buzzard,1.1.2,Agenda,2013-05-05 06:00:00,10d,0.0,0.0,10.0,0.0,58000.0,0.0,128.0,160.0,192.0,160.0,64.0
3,Mobilisation of Jack Up Platform Buzzard,1.1.3,Elapsed (24/7),2013-05-15 06:00:00,1d,0.0,0.0,1.0,0.0,0.0,0.0,12.8,16.0,19.2,16.0,6.4
551,Purchasing of pin-piles,1.1.4,Agenda,2013-02-04 06:00:00,50d,0.0,0.0,50.0,0.0,6264000.0,0.0,640.0,800.0,960.0,800.0,320.0
11,Continious delivery of pin-piles,1.1.5,Elapsed (24/7),2013-03-01 06:00:00,25d,0.0,0.0,25.0,0.0,19200.0,0.0,320.0,400.0,480.0,400.0,160.0
6,Mobilisation of vessels,1.1.6.1,Elapsed (24/7),2013-04-06 06:00:00,15d,0.0,0.0,15.0,0.0,0.0,0.0,192.0,240.0,288.0,240.0,96.0
7,Seabed preparations,1.1.6.2,Agenda,2013-04-21 06:00:00,25d,0.0,0.0,25.0,0.0,0.0,0.0,320.0,360.0,480.0,373.33,160.0
526,Delivery of pin-piles OTS,1.1.7.1,Elapsed (24/7),2013-05-16 06:00:00,1d,0.0,0.0,1.0,0.0,4050.0,0.0,12.8,16.0,19.2,16.0,6.4
527,Delivery of pin-piles 1,1.1.7.2,Elapsed (24/7),2013-05-20 06:00:00,1d,0.0,0.0,1.0,0.0,4050.0,0.0,12.8,16.0,19.2,16.0,6.4
528,Delivery of pin-piles 2,1.1.7.3,Elapsed (24/7),2013-05-24 06:00:00,1d,0.0,0.0,1.0,0.0,4050.0,0.0,12.8,16.0,19.2,16.0,6.4
529,Delivery of pin-piles 3,1.1.7.4,Elapsed (24/7),2013-05-28 06:00:00,1d,0.0,0.0,1.0,0.0,4050.0,0.0,12.8,16.0,19.2,16.0,6.4
530,Delivery of pin-piles 4,1.1.7.5,Elapsed (24/7),2013-06-01 06:00:00,1d,0.0,0.0,1.0,0.0,4050.0,0.0,12.8,16.0,19.2,16.0,6.4
531,Delivery of pin-piles 5,1.1.7.6,Elapsed (24/7),2013-06-05 06:00:00,1d,0.0,0.0,1.0,0.0,4050.0,0.0,12.8,16.0,19.2,16.0,6.4
532,Delivery of pin-piles 6,1.1.7.7,Elapsed (24/7),2013-06-10 06:00:00,1d,0.0,0.0,1.0,0.0,4050.0,0.0,12.8,16.0,19.2,16.0,6.4
533,Delivery of pin-piles 7,1.1.7.8,Elapsed (24/7),2013-06-14 06:00:00,1d,0.0,0.0,1.0,0.0,4050.0,0.0,12.8,16.0,19.2,16.0,6.4
534,Delivery of pin-piles 8,1.1.7.9,Elapsed (24/7),2013-06-18 06:00:00,1d,0.0,0.0,1.0,0.0,4050.0,0.0,12.8,16.0,19.2,16.0,6.4
535,Delivery of pin-piles 9,1.1.7.10,Elapsed (24/7),2013-06-22 06:00:00,1d,0.0,0.0,1.0,0.0,4050.0,0.0,12.8,16.0,19.2,16.0,6.4
536,Delivery of pin-piles 10,1.1.7.11,Elapsed (24/7),2013-06-26 06:00:00,1d,0.0,0.0,1.0,0.0,4050.0,0.0,12.8,16.0,19.2,16.0,6.4
537,Delivery of pin-piles 11,1.1.7.12,Elapsed (24/7),2013-06-30 06:00:00,1d,0.0,0.0,1.0,0.0,4050.0,0.0,12.8,16.0,19.2,16.0,6.4
538,Delivery of pin-piles 12,1.1.7.13,Elapsed (24/7),2013-07-04 06:00:00,1d,0.0,0.0,1.0,0.0,4050.0,0.0,12.8,16.0,19.2,16.0,6.4
539,Delivery of pin-piles 13,1.1.7.14,Elapsed (24/7),2013-07-08 06:00:00,1d,0.0,0.0,1.0,0.0,4050.0,0.0,12.8,16.0,19.2,16.0,6.4
540,Delivery of pin-piles 14,1.1.7.15,Elapsed (24/7),2013-07-12 06:00:00,1d,0.0,0.0,1.0,0.0,4050.0,0.0,12.8,16.0,19.2,16.0,6.4
541,Delivery of pin-piles 15,1.1.7.16,Elapsed (24/7),2013-07-16 06:00:00,1d,0.0,0.0,1.0,0.0,4050.0,0.0,12.8,16.0,19.2,16.0,6.4
542,Delivery of pin-piles 16,1.1.7.17,Elapsed (24/7),2013-07-20 06:00:00,1d,0.0,0.0,1.0,0.0,4050.0,0.0,12.8,16.0,19.2,16.0,6.4
543,Delivery of pin-piles 17,1.1.7.18,Elapsed (24/7),2013-07-24 06:00:00,1d,0.0,0.0,1.0,0.0,4050.0,0.0,12.8,16.0,19.2,16.0,6.4
544,Delivery of pin-piles 18,1.1.7.19,Elapsed (24/7),2013-07-28 06:00:00,1d,0.0,0.0,1.0,0.0,4050.0,0.0,12.8,16.0,19.2,16.0,6.4
545,Delivery of pin-piles 19,1.1.7.20,Elapsed (24/7),2013-08-01 06:00:00,1d,0.0,0.0,1.0,0.0,4050.0,0.0,12.8,16.0,19.2,16.0,6.4
546,Delivery of pin-piles 20,1.1.7.21,Elapsed (24/7),2013-08-05 06:00:00,1d,0.0,0.0,1.0,0.0,4050.0,0.0,12.8,16.0,19.2,16.0,6.4
547,Delivery of pin-piles 21,1.1.7.22,Elapsed (24/7),2013-08-13 06:00:00,1d,0.0,0.0,1.0,0.0,4050.0,0.0,12.8,16.0,19.2,16.0,6.4
548,Delivery of pin-piles 22,1.1.7.23,Elapsed (24/7),2013-08-09 06:00:00,1d,0.0,0.0,1.0,0.0,4050.0,0.0,12.8,16.0,19.2,16.0,6.4
549,Delivery of pin-piles 23,1.1.7.24,Elapsed (24/7),2013-08-17 06:00:00,1d,0.0,0.0,1.0,0.0,4050.0,0.0,12.8,16.0,19.2,16.0,6.4
550,Delivery of pin-piles 24,1.1.7.25,Elapsed (24/7),2013-08-21 06:00:00,1d,0.0,0.0,1.0,0.0,4050.0,0.0,12.8,16.0,19.2,16.0,6.4
12,OTS: drive 4 pin-piles for OTS foundation into seabed,1.1.7.26,Agenda,2013-05-17 06:00:00,2d,0.0,0.0,2.0,0.0,0.0,0.0,25.6,32.0,38.4,32.0,12.8
13,Turbine1: drive 4 pin-piles for jacket foundation into seabed,1.1.7.27,Agenda,2013-05-21 06:00:00,2d,0.0,0.0,2.0,0.0,0.0,0.0,25.6,28.8,38.4,29.87,12.8
14,Turbine2: drive 4 pin-piles for jacket foundation into seabed,1.1.7.28,Agenda,2013-05-25 06:00:00,2d,0.0,0.0,2.0,0.0,0.0,0.0,25.6,28.8,38.4,29.87,12.8
196,Turbine3: drive 4 pin-piles for jacket foundation into seabed,1.1.7.29,Agenda,2013-05-29 06:00:00,2d,0.0,0.0,2.0,0.0,0.0,0.0,25.6,28.8,38.4,29.87,12.8
197,Turbine4: drive 4 pin-piles for jacket foundation into seabed,1.1.7.30,Agenda,2013-06-02 06:00:00,2d,0.0,0.0,2.0,0.0,0.0,0.0,25.6,28.8,38.4,29.87,12.8
198,Turbine5: drive 4 pin-piles for jacket foundation into seabed,1.1.7.31,Agenda,2013-06-06 06:00:00,2d,0.0,0.0,2.0,0.0,0.0,0.0,25.6,28.8,38.4,29.87,12.8
199,Turbine6: drive 4 pin-piles for jacket foundation into seabed,1.1.7.32,Agenda,2013-06-11 06:00:00,2d,0.0,0.0,2.0,0.0,0.0,0.0,25.6,28.8,38.4,29.87,12.8
200,Turbine7: drive 4 pin-piles for jacket foundation into seabed,1.1.7.33,Agenda,2013-06-15 06:00:00,2d,0.0,0.0,2.0,0.0,0.0,0.0,25.6,28.8,38.4,29.87,12.8
201,Turbine8: drive 4 pin-piles for jacket foundation into seabed,1.1.7.34,Agenda,2013-06-19 06:00:00,2d,0.0,0.0,2.0,0.0,0.0,0.0,25.6,28.8,38.4,29.87,12.8
202,Turbine9: drive 4 pin-piles for jacket foundation into seabed,1.1.7.35,Agenda,2013-06-23 06:00:00,2d,0.0,0.0,2.0,0.0,0.0,0.0,25.6,28.8,38.4,29.87,12.8
203,Turbine10: drive 4 pin-piles for jacket foundation into seabed,1.1.7.36,Agenda,2013-06-27 06:00:00,2d,0.0,0.0,2.0,0.0,0.0,0.0,25.6,28.8,38.4,29.87,12.8
204,Turbine11: drive 4 pin-piles for jacket foundation into seabed,1.1.7.37,Agenda,2013-07-01 06:00:00,2d,0.0,0.0,2.0,0.0,0.0,0.0,25.6,28.8,38.4,29.87,12.8
205,Turbine12: drive 4 pin-piles for jacket foundation into seabed,1.1.7.38,Agenda,2013-07-05 06:00:00,2d,0.0,0.0,2.0,0.0,0.0,0.0,25.6,28.8,38.4,29.87,12.8
206,Turbine13: drive 4 pin-piles for jacket foundation into seabed,1.1.7.39,Agenda,2013-07-09 06:00:00,2d,0.0,0.0,2.0,0.0,0.0,0.0,25.6,28.8,38.4,29.87,12.8
207,Turbine14: drive 4 pin-piles for jacket foundation into seabed,1.1.7.40,Agenda,2013-07-13 06:00:00,2d,0.0,0.0,2.0,0.0,0.0,0.0,25.6,28.8,38.4,29.87,12.8
208,Turbine15: drive 4 pin-piles for jacket foundation into seabed,1.1.7.41,Agenda,2013-07-17 06:00:00,2d,0.0,0.0,2.0,0.0,0.0,0.0,25.6,28.8,38.4,29.87,12.8
209,Turbine16: drive 4 pin-piles for jacket foundation into seabed,1.1.7.42,Agenda,2013-07-21 06:00:00,2d,0.0,0.0,2.0,0.0,0.0,0.0,25.6,28.8,38.4,29.87,12.8
210,Turbine17: drive 4 pin-piles for jacket foundation into seabed,1.1.7.43,Agenda,2013-07-25 06:00:00,2d,0.0,0.0,2.0,0.0,0.0,0.0,25.6,28.8,38.4,29.87,12.8
211,Turbine18: drive 4 pin-piles for jacket foundation into seabed,1.1.7.44,Agenda,2013-07-29 06:00:00,2d,0.0,0.0,2.0,0.0,0.0,0.0,25.6,28.8,38.4,29.87,12.8
212,Turbine19: drive 4 pin-piles for jacket foundation into seabed,1.1.7.45,Agenda,2013-08-02 06:00:00,2d,0.0,0.0,2.0,0.0,0.0,0.0,25.6,28.8,38.4,29.87,12.8
213,Turbine20: drive 4 pin-piles for jacket foundation into seabed,1.1.7.46,Agenda,2013-08-06 06:00:00,2d,0.0,0.0,2.0,0.0,0.0,0.0,25.6,28.8,38.4,29.87,12.8
214,Turbine21: drive 4 pin-piles for jacket foundation into seabed,1.1.7.47,Agenda,2013-08-14 06:00:00,2d,0.0,0.0,2.0,0.0,0.0,0.0,25.6,28.8,38.4,29.87,12.8
215,Turbine22: drive 4 pin-piles for jacket foundation into seabed,1.1.7.48,Agenda,2013-08-10 06:00:00,2d,0.0,0.0,2.0,0.0,0.0,0.0,25.6,28.8,38.4,29.87,12.8
216,Turbine23: drive 4 pin-piles for jacket foundation into seabed,1.1.7.49,Agenda,2013-08-18 06:00:00,2d,0.0,0.0,2.0,0.0,0.0,0.0,25.6,28.8,38.4,29.87,12.8
217,Turbine24: drive 4 pin-piles for jacket foundation into seabed,1.1.7.50,Agenda,2013-08-22 06:00:00,2d,0.0,0.0,2.0,0.0,0.0,0.0,25.6,28.8,38.4,29.87,12.8
16,Dredging and cleaning of pin-piles,1.1.8.1.1,Agenda,2013-05-19 06:00:00,1d,0.0,0.0,1.0,0.0,0.0,0.0,12.8,16.0,19.2,16.0,6.4
17,Install pin-pile covers on the piles,1.1.8.1.2,Agenda,2013-05-20 06:00:00,1d,0.0,0.0,1.0,0.0,0.0,0.0,12.8,14.4,19.2,14.93,6.4
162,Dredging and cleaning of pin-piles 1,1.1.8.2.1,Agenda,2013-05-23 06:00:00,1d,0.0,0.0,1.0,0.0,63000.0,0.0,12.8,16.0,19.2,16.0,6.4
218,Dredging and cleaning of pin-piles 2,1.1.8.2.2,Agenda,2013-05-27 06:00:00,1d,0.0,0.0,1.0,0.0,63000.0,0.0,12.8,16.0,19.2,16.0,6.4
219,Dredging and cleaning of pin-piles 3,1.1.8.2.3,Agenda,2013-05-31 06:00:00,1d,0.0,0.0,1.0,0.0,63000.0,0.0,12.8,16.0,19.2,16.0,6.4
220,Dredging and cleaning of pin-piles 4,1.1.8.2.4,Agenda,2013-06-04 06:00:00,1d,0.0,0.0,1.0,0.0,63000.0,0.0,12.8,16.0,19.2,16.0,6.4
221,Dredging and cleaning of pin-piles 5,1.1.8.2.5,Agenda,2013-06-08 06:00:00,1d,0.0,0.0,1.0,0.0,63000.0,0.0,12.8,16.0,19.2,16.0,6.4
222,Dredging and cleaning of pin-piles 6,1.1.8.2.6,Agenda,2013-06-13 06:00:00,1d,0.0,0.0,1.0,0.0,63000.0,0.0,12.8,16.0,19.2,16.0,6.4
223,Dredging and cleaning of pin-piles 7,1.1.8.2.7,Agenda,2013-06-17 06:00:00,1d,0.0,0.0,1.0,0.0,63000.0,0.0,12.8,16.0,19.2,16.0,6.4
224,Dredging and cleaning of pin-piles 8,1.1.8.2.8,Agenda,2013-06-21 06:00:00,1d,0.0,0.0,1.0,0.0,63000.0,0.0,12.8,16.0,19.2,16.0,6.4
225,Dredging and cleaning of pin-piles 9,1.1.8.2.9,Agenda,2013-06-25 06:00:00,1d,0.0,0.0,1.0,0.0,63000.0,0.0,12.8,16.0,19.2,16.0,6.4
226,Dredging and cleaning of pin-piles 10,1.1.8.2.10,Agenda,2013-06-29 06:00:00,1d,0.0,0.0,1.0,0.0,63000.0,0.0,12.8,16.0,19.2,16.0,6.4
227,Dredging and cleaning of pin-piles 11,1.1.8.2.11,Agenda,2013-07-03 06:00:00,1d,0.0,0.0,1.0,0.0,63000.0,0.0,12.8,16.0,19.2,16.0,6.4
228,Dredging and cleaning of pin-piles 12,1.1.8.2.12,Agenda,2013-07-07 06:00:00,1d,0.0,0.0,1.0,0.0,63000.0,0.0,12.8,16.0,19.2,16.0,6.4
229,Dredging and cleaning of pin-piles 13,1.1.8.2.13,Agenda,2013-07-11 06:00:00,1d,0.0,0.0,1.0,0.0,63000.0,0.0,12.8,16.0,19.2,16.0,6.4
230,Dredging and cleaning of pin-piles 14,1.1.8.2.14,Agenda,2013-07-15 06:00:00,1d,0.0,0.0,1.0,0.0,63000.0,0.0,12.8,16.0,19.2,16.0,6.4
231,Dredging and cleaning of pin-piles 15,1.1.8.2.15,Agenda,2013-07-19 06:00:00,1d,0.0,0.0,1.0,0.0,63000.0,0.0,12.8,16.0,19.2,16.0,6.4
232,Dredging and cleaning of pin-piles 16,1.1.8.2.16,Agenda,2013-07-23 06:00:00,1d,0.0,0.0,1.0,0.0,63000.0,0.0,12.8,16.0,19.2,16.0,6.4
233,Dredging and cleaning of pin-piles 17,1.1.8.2.17,Agenda,2013-07-27 06:00:00,1d,0.0,0.0,1.0,0.0,63000.0,0.0,12.8,16.0,19.2,16.0,6.4
234,Dredging and cleaning of pin-piles 18,1.1.8.2.18,Agenda,2013-07-31 06:00:00,1d,0.0,0.0,1.0,0.0,63000.0,0.0,12.8,16.0,19.2,16.0,6.4
235,Dredging and cleaning of pin-piles 19,1.1.8.2.19,Agenda,2013-08-04 06:00:00,1d,0.0,0.0,1.0,0.0,63000.0,0.0,12.8,16.0,19.2,16.0,6.4
236,Dredging and cleaning of pin-piles 20,1.1.8.2.20,Agenda,2013-08-08 06:00:00,1d,0.0,0.0,1.0,0.0,63000.0,0.0,12.8,16.0,19.2,16.0,6.4
237,Dredging and cleaning of pin-piles 21,1.1.8.2.21,Agenda,2013-08-16 06:00:00,1d,0.0,0.0,1.0,0.0,63000.0,0.0,12.8,16.0,19.2,16.0,6.4
238,Dredging and cleaning of pin-piles 22,1.1.8.2.22,Agenda,2013-08-12 06:00:00,1d,0.0,0.0,1.0,0.0,63000.0,0.0,12.8,16.0,19.2,16.0,6.4
239,Dredging and cleaning of pin-piles 23,1.1.8.2.23,Agenda,2013-08-20 06:00:00,1d,0.0,0.0,1.0,0.0,63000.0,0.0,12.8,16.0,19.2,16.0,6.4
240,Dredging and cleaning of pin-piles 24,1.1.8.2.24,Agenda,2013-08-24 06:00:00,1d,0.0,0.0,1.0,0.0,63000.0,0.0,12.8,16.0,19.2,16.0,6.4
241,Install pin-pile covers on the piles 1,1.1.8.2.25,Agenda,2013-05-24 06:00:00,1d,0.0,0.0,1.0,0.0,52600.0,0.0,12.8,14.4,19.2,14.93,6.4
242,Install pin-pile covers on the piles 2,1.1.8.2.26,Agenda,2013-05-28 06:00:00,1d,0.0,0.0,1.0,0.0,52600.0,0.0,12.8,14.4,19.2,14.93,6.4
243,Install pin-pile covers on the piles 3,1.1.8.2.27,Agenda,2013-06-01 06:00:00,1d,0.0,0.0,1.0,0.0,52600.0,0.0,12.8,14.4,19.2,14.93,6.4
244,Install pin-pile covers on the piles 4,1.1.8.2.28,Agenda,2013-06-05 06:00:00,1d,0.0,0.0,1.0,0.0,52600.0,0.0,12.8,14.4,19.2,14.93,6.4
245,Install pin-pile covers on the piles 5,1.1.8.2.29,Agenda,2013-06-10 06:00:00,1d,0.0,0.0,1.0,0.0,52600.0,0.0,12.8,14.4,19.2,14.93,6.4
246,Install pin-pile covers on the piles 6,1.1.8.2.30,Agenda,2013-06-14 06:00:00,1d,0.0,0.0,1.0,0.0,52600.0,0.0,12.8,14.4,19.2,14.93,6.4
247,Install pin-pile covers on the piles 7,1.1.8.2.31,Agenda,2013-06-18 06:00:00,1d,0.0,0.0,1.0,0.0,52600.0,0.0,12.8,14.4,19.2,14.93,6.4
248,Install pin-pile covers on the piles 8,1.1.8.2.32,Agenda,2013-06-22 06:00:00,1d,0.0,0.0,1.0,0.0,52600.0,0.0,12.8,14.4,19.2,14.93,6.4
249,Install pin-pile covers on the piles 9,1.1.8.2.33,Agenda,2013-06-26 06:00:00,1d,0.0,0.0,1.0,0.0,52600.0,0.0,12.8,14.4,19.2,14.93,6.4
250,Install pin-pile covers on the piles 10,1.1.8.2.34,Agenda,2013-06-30 06:00:00,1d,0.0,0.0,1.0,0.0,52600.0,0.0,12.8,14.4,19.2,14.93,6.4
251,Install pin-pile covers on the piles 11,1.1.8.2.35,Agenda,2013-07-04 06:00:00,1d,0.0,0.0,1.0,0.0,52600.0,0.0,12.8,14.4,19.2,14.93,6.4
252,Install pin-pile covers on the piles 12,1.1.8.2.36,Agenda,2013-07-08 06:00:00,1d,0.0,0.0,1.0,0.0,52600.0,0.0,12.8,14.4,19.2,14.93,6.4
253,Install pin-pile covers on the piles 13,1.1.8.2.37,Agenda,2013-07-12 06:00:00,1d,0.0,0.0,1.0,0.0,52600.0,0.0,12.8,14.4,19.2,14.93,6.4
254,Install pin-pile covers on the piles 14,1.1.8.2.38,Agenda,2013-07-16 06:00:00,1d,0.0,0.0,1.0,0.0,52600.0,0.0,12.8,14.4,19.2,14.93,6.4
255,Install pin-pile covers on the piles 15,1.1.8.2.39,Agenda,2013-07-20 06:00:00,1d,0.0,0.0,1.0,0.0,52600.0,0.0,12.8,14.4,19.2,14.93,6.4
256,Install pin-pile covers on the piles 16,1.1.8.2.40,Agenda,2013-07-24 06:00:00,1d,0.0,0.0,1.0,0.0,52600.0,0.0,12.8,14.4,19.2,14.93,6.4
257,Install pin-pile covers on the piles 17,1.1.8.2.41,Agenda,2013-07-28 06:00:00,1d,0.0,0.0,1.0,0.0,52600.0,0.0,12.8,14.4,19.2,14.93,6.4
258,Install pin-pile covers on the piles 18,1.1.8.2.42,Agenda,2013-08-01 06:00:00,1d,0.0,0.0,1.0,0.0,52600.0,0.0,12.8,14.4,19.2,14.93,6.4
259,Install pin-pile covers on the piles 19,1.1.8.2.43,Agenda,2013-08-05 06:00:00,1d,0.0,0.0,1.0,0.0,52600.0,0.0,12.8,14.4,19.2,14.93,6.4
260,Install pin-pile covers on the piles 20,1.1.8.2.44,Agenda,2013-08-09 06:00:00,1d,0.0,0.0,1.0,0.0,52600.0,0.0,12.8,14.4,19.2,14.93,6.4
261,Install pin-pile covers on the piles 21,1.1.8.2.45,Agenda,2013-08-17 06:00:00,1d,0.0,0.0,1.0,0.0,52600.0,0.0,12.8,14.4,19.2,14.93,6.4
262,Install pin-pile covers on the piles 22,1.1.8.2.46,Agenda,2013-08-13 06:00:00,1d,0.0,0.0,1.0,0.0,52600.0,0.0,12.8,14.4,19.2,14.93,6.4
263,Install pin-pile covers on the piles 23,1.1.8.2.47,Agenda,2013-08-21 06:00:00,1d,0.0,0.0,1.0,0.0,52600.0,0.0,12.8,14.4,19.2,14.93,6.4
264,Install pin-pile covers on the piles 24,1.1.8.2.48,Agenda,2013-08-25 06:00:00,1d,0.0,0.0,1.0,0.0,52600.0,0.0,12.8,14.4,19.2,14.93,6.4
21,Purshase of tubulars,1.2.1.1,Agenda,2013-02-04 06:00:00,120d,0.0,0.0,120.0,0.0,80000.0,0.0,1900.8,1920.0,1939.2,1920.0,38.4
23,Purchase of castings and pile stoppers,1.2.1.2,Agenda,2013-02-04 06:00:00,120d,0.0,0.0,120.0,0.0,150000.0,0.0,1900.8,1920.0,1939.2,1920.0,38.4
25,Assembly of midsection 1,1.2.1.3,Agenda,2013-03-16 06:00:00,9d,0.0,0.0,9.0,0.0,55100.0,0.0,115.2,144.0,172.8,144.0,57.6
337,Assembly of midsection 2,1.2.1.4,Agenda,2013-03-25 06:00:00,9d,0.0,0.0,9.0,0.0,55100.0,0.0,115.2,144.0,172.8,144.0,57.6
338,Assembly of midsection 3,1.2.1.5,Agenda,2013-04-03 06:00:00,9d,0.0,0.0,9.0,0.0,55100.0,0.0,115.2,144.0,172.8,144.0,57.6
339,Assembly of midsection 4,1.2.1.6,Agenda,2013-04-12 06:00:00,9d,0.0,0.0,9.0,0.0,55100.0,0.0,115.2,144.0,172.8,144.0,57.6
340,Assembly of midsection 5,1.2.1.7,Agenda,2013-04-21 06:00:00,9d,0.0,0.0,9.0,0.0,55100.0,0.0,115.2,144.0,172.8,144.0,57.6
341,Assembly of midsection 6,1.2.1.8,Agenda,2013-04-30 06:00:00,9d,0.0,0.0,9.0,0.0,55100.0,0.0,115.2,144.0,172.8,144.0,57.6
342,Assembly of midsection 7,1.2.1.9,Agenda,2013-05-09 06:00:00,9d,0.0,0.0,9.0,0.0,55100.0,0.0,115.2,144.0,172.8,144.0,57.6
343,Assembly of midsection 8,1.2.1.10,Agenda,2013-05-18 06:00:00,9d,0.0,0.0,9.0,0.0,55100.0,0.0,115.2,144.0,172.8,144.0,57.6
344,Assembly of midsection 9,1.2.1.11,Agenda,2013-05-27 06:00:00,9d,0.0,0.0,9.0,0.0,55100.0,0.0,115.2,144.0,172.8,144.0,57.6
345,Assembly of midsection 10,1.2.1.12,Agenda,2013-06-05 06:00:00,9d,0.0,0.0,9.0,0.0,55100.0,0.0,115.2,144.0,172.8,144.0,57.6
346,Assembly of midsection 11,1.2.1.13,Agenda,2013-06-14 06:00:00,9d,0.0,0.0,9.0,0.0,55100.0,0.0,115.2,144.0,172.8,144.0,57.6
347,Assembly of midsection 12,1.2.1.14,Agenda,2013-06-23 06:00:00,9d,0.0,0.0,9.0,0.0,55100.0,0.0,115.2,144.0,172.8,144.0,57.6
348,Assembly of midsection 13,1.2.1.15,Agenda,2013-07-02 06:00:00,9d,0.0,0.0,9.0,0.0,55100.0,0.0,115.2,144.0,172.8,144.0,57.6
349,Assembly of midsection 14,1.2.1.16,Agenda,2013-07-11 06:00:00,9d,0.0,0.0,9.0,0.0,55100.0,0.0,115.2,144.0,172.8,144.0,57.6
350,Assembly of midsection 15,1.2.1.17,Agenda,2013-07-20 06:00:00,9d,0.0,0.0,9.0,0.0,55100.0,0.0,115.2,144.0,172.8,144.0,57.6
351,Assembly of midsection 16,1.2.1.18,Agenda,2013-07-29 06:00:00,9d,0.0,0.0,9.0,0.0,55100.0,0.0,115.2,144.0,172.8,144.0,57.6
352,Assembly of midsection 17,1.2.1.19,Agenda,2013-08-07 06:00:00,9d,0.0,0.0,9.0,0.0,55100.0,0.0,115.2,144.0,172.8,144.0,57.6
353,Assembly of midsection 18,1.2.1.20,Agenda,2013-08-16 06:00:00,9d,0.0,0.0,9.0,0.0,55100.0,0.0,115.2,144.0,172.8,144.0,57.6
354,Assembly of midsection 19,1.2.1.21,Agenda,2013-08-25 06:00:00,9d,0.0,0.0,9.0,0.0,55100.0,0.0,115.2,144.0,172.8,144.0,57.6
355,Assembly of midsection 20,1.2.1.22,Agenda,2013-09-03 06:00:00,9d,0.0,0.0,9.0,0.0,55100.0,0.0,115.2,144.0,172.8,144.0,57.6
356,Assembly of midsection 21,1.2.1.23,Agenda,2013-09-12 06:00:00,9d,0.0,0.0,9.0,0.0,55100.0,0.0,115.2,144.0,172.8,144.0,57.6
357,Assembly of midsection 22,1.2.1.24,Agenda,2013-09-21 06:00:00,9d,0.0,0.0,9.0,0.0,55100.0,0.0,115.2,144.0,172.8,144.0,57.6
358,Assembly of midsection 23,1.2.1.25,Agenda,2013-09-30 06:00:00,9d,0.0,0.0,9.0,0.0,55100.0,0.0,115.2,144.0,172.8,144.0,57.6
359,Assembly of midsection 24,1.2.1.26,Agenda,2013-10-09 06:00:00,9d,0.0,0.0,9.0,0.0,55100.0,0.0,115.2,144.0,172.8,144.0,57.6
27,Purchase of secondary steel items,1.2.1.27,Agenda,2013-02-13 06:00:00,80d,0.0,0.0,80.0,0.0,350000.0,0.0,1267.2,1280.0,1292.8,1280.0,25.6
29,Final jacket assembly 1,1.2.1.28,Agenda,2013-03-25 06:00:00,9d,0.0,0.0,9.0,0.0,40600.0,0.0,115.2,144.0,172.8,144.0,57.6
360,Final jacket assembly 2,1.2.1.29,Agenda,2013-04-03 06:00:00,9d,0.0,0.0,9.0,0.0,40600.0,144.0,115.2,144.0,172.8,144.0,57.6
361,Final jacket assembly 3,1.2.1.30,Agenda,2013-04-12 06:00:00,9d,0.0,0.0,9.0,0.0,40600.0,0.0,115.2,144.0,172.8,144.0,57.6
362,Final jacket assembly 4,1.2.1.31,Agenda,2013-04-21 06:00:00,9d,0.0,0.0,9.0,0.0,40600.0,0.0,115.2,144.0,172.8,144.0,57.6
363,Final jacket assembly 5,1.2.1.32,Agenda,2013-04-30 06:00:00,9d,0.0,0.0,9.0,0.0,40600.0,0.0,115.2,144.0,172.8,144.0,57.6
364,Final jacket assembly 6,1.2.1.33,Agenda,2013-05-09 06:00:00,9d,0.0,0.0,9.0,0.0,40600.0,0.0,115.2,144.0,172.8,144.0,57.6
365,Final jacket assembly 7,1.2.1.34,Agenda,2013-05-18 06:00:00,9d,0.0,0.0,9.0,0.0,40600.0,0.0,115.2,144.0,172.8,144.0,57.6
366,Final jacket assembly 8,1.2.1.35,Agenda,2013-05-27 06:00:00,9d,0.0,0.0,9.0,0.0,40600.0,0.0,115.2,144.0,172.8,144.0,57.6
367,Final jacket assembly 9,1.2.1.36,Agenda,2013-06-05 06:00:00,9d,0.0,0.0,9.0,0.0,40600.0,0.0,115.2,144.0,172.8,144.0,57.6
368,Final jacket assembly 10,1.2.1.37,Agenda,2013-06-14 06:00:00,9d,0.0,0.0,9.0,0.0,40600.0,0.0,115.2,144.0,172.8,144.0,57.6
369,Final jacket assembly 11,1.2.1.38,Agenda,2013-06-23 06:00:00,9d,0.0,0.0,9.0,0.0,40600.0,0.0,115.2,144.0,172.8,144.0,57.6
370,Final jacket assembly 12,1.2.1.39,Agenda,2013-07-02 06:00:00,9d,0.0,0.0,9.0,0.0,40600.0,0.0,115.2,144.0,172.8,144.0,57.6
371,Final jacket assembly 13,1.2.1.40,Agenda,2013-07-11 06:00:00,9d,0.0,0.0,9.0,0.0,40600.0,0.0,115.2,144.0,172.8,144.0,57.6
372,Final jacket assembly 14,1.2.1.41,Agenda,2013-07-20 06:00:00,9d,0.0,0.0,9.0,0.0,40600.0,0.0,115.2,144.0,172.8,144.0,57.6
373,Final jacket assembly 15,1.2.1.42,Agenda,2013-07-29 06:00:00,9d,0.0,0.0,9.0,0.0,40600.0,0.0,115.2,144.0,172.8,144.0,57.6
374,Final jacket assembly 16,1.2.1.43,Agenda,2013-08-07 06:00:00,9d,0.0,0.0,9.0,0.0,40600.0,0.0,115.2,144.0,172.8,144.0,57.6
375,Final jacket assembly 17,1.2.1.44,Agenda,2013-08-16 06:00:00,9d,0.0,0.0,9.0,0.0,40600.0,0.0,115.2,144.0,172.8,144.0,57.6
376,Final jacket assembly 18,1.2.1.45,Agenda,2013-08-25 06:00:00,9d,0.0,0.0,9.0,0.0,40600.0,0.0,115.2,144.0,172.8,144.0,57.6
377,Final jacket assembly 19,1.2.1.46,Agenda,2013-09-03 06:00:00,9d,0.0,0.0,9.0,0.0,40600.0,0.0,115.2,144.0,172.8,144.0,57.6
378,Final jacket assembly 20,1.2.1.47,Agenda,2013-09-12 06:00:00,9d,0.0,0.0,9.0,0.0,40600.0,0.0,115.2,144.0,172.8,144.0,57.6
379,Final jacket assembly 21,1.2.1.48,Agenda,2013-09-21 06:00:00,9d,0.0,0.0,9.0,0.0,40600.0,0.0,115.2,144.0,172.8,144.0,57.6
380,Final jacket assembly 22,1.2.1.49,Agenda,2013-09-30 06:00:00,9d,0.0,0.0,9.0,0.0,40600.0,0.0,115.2,144.0,172.8,144.0,57.6
381,Final jacket assembly 23,1.2.1.50,Agenda,2013-10-09 06:00:00,9d,0.0,0.0,9.0,0.0,40600.0,0.0,115.2,144.0,172.8,144.0,57.6
382,Final jacket assembly 24,1.2.1.51,Agenda,2013-10-18 06:00:00,9d,0.0,0.0,9.0,0.0,40600.0,0.0,115.2,144.0,172.8,144.0,57.6
31,Transport (Hoboken to Vlissingen) 1,1.2.1.52,Elapsed (24/7),2013-04-03 06:00:00,1d,0.0,0.0,1.0,0.0,14500.0,0.0,15.84,16.0,16.16,16.0,0.32
383,Transport (Hoboken to Vlissingen) 2,1.2.1.53,Elapsed (24/7),2013-04-12 06:00:00,1d,0.0,0.0,1.0,0.0,14500.0,0.0,15.84,16.0,16.16,16.0,0.32
384,Transport (Hoboken to Vlissingen) 3,1.2.1.54,Elapsed (24/7),2013-04-21 06:00:00,1d,0.0,0.0,1.0,0.0,14500.0,0.0,15.84,16.0,16.16,16.0,0.32
385,Transport (Hoboken to Vlissingen) 4,1.2.1.55,Elapsed (24/7),2013-04-30 06:00:00,1d,0.0,0.0,1.0,0.0,14500.0,0.0,15.84,16.0,16.16,16.0,0.32
386,Transport (Hoboken to Vlissingen) 5,1.2.1.56,Elapsed (24/7),2013-05-09 06:00:00,1d,0.0,0.0,1.0,0.0,14500.0,0.0,15.84,16.0,16.16,16.0,0.32
387,Transport (Hoboken to Vlissingen) 6,1.2.1.57,Elapsed (24/7),2013-05-18 06:00:00,1d,0.0,0.0,1.0,0.0,14500.0,0.0,15.84,16.0,16.16,16.0,0.32
388,Transport (Hoboken to Vlissingen) 7,1.2.1.58,Elapsed (24/7),2013-05-27 06:00:00,1d,0.0,0.0,1.0,0.0,14500.0,0.0,15.84,16.0,16.16,16.0,0.32
389,Transport (Hoboken to Vlissingen) 8,1.2.1.59,Elapsed (24/7),2013-06-05 06:00:00,1d,0.0,0.0,1.0,0.0,14500.0,0.0,15.84,16.0,16.16,16.0,0.32
390,Transport (Hoboken to Vlissingen) 9,1.2.1.60,Elapsed (24/7),2013-06-14 06:00:00,1d,0.0,0.0,1.0,0.0,14500.0,0.0,15.84,16.0,16.16,16.0,0.32
391,Transport (Hoboken to Vlissingen) 10,1.2.1.61,Elapsed (24/7),2013-06-23 06:00:00,1d,0.0,0.0,1.0,0.0,14500.0,0.0,15.84,16.0,16.16,16.0,0.32
392,Transport (Hoboken to Vlissingen) 11,1.2.1.62,Elapsed (24/7),2013-07-02 06:00:00,1d,0.0,0.0,1.0,0.0,14500.0,0.0,15.84,16.0,16.16,16.0,0.32
393,Transport (Hoboken to Vlissingen) 12,1.2.1.63,Elapsed (24/7),2013-07-11 06:00:00,1d,0.0,0.0,1.0,0.0,14500.0,0.0,15.84,16.0,16.16,16.0,0.32
394,Transport (Hoboken to Vlissingen) 13,1.2.1.64,Elapsed (24/7),2013-07-20 06:00:00,1d,0.0,0.0,1.0,0.0,14500.0,0.0,15.84,16.0,16.16,16.0,0.32
395,Transport (Hoboken to Vlissingen) 14,1.2.1.65,Elapsed (24/7),2013-07-29 06:00:00,1d,0.0,0.0,1.0,0.0,14500.0,0.0,15.84,16.0,16.16,16.0,0.32
396,Transport (Hoboken to Vlissingen) 15,1.2.1.66,Elapsed (24/7),2013-08-07 06:00:00,1d,0.0,0.0,1.0,0.0,14500.0,0.0,15.84,16.0,16.16,16.0,0.32
397,Transport (Hoboken to Vlissingen) 16,1.2.1.67,Elapsed (24/7),2013-08-16 06:00:00,1d,0.0,0.0,1.0,0.0,14500.0,0.0,15.84,16.0,16.16,16.0,0.32
398,Transport (Hoboken to Vlissingen) 17,1.2.1.68,Elapsed (24/7),2013-08-25 06:00:00,1d,0.0,0.0,1.0,0.0,14500.0,0.0,15.84,16.0,16.16,16.0,0.32
399,Transport (Hoboken to Vlissingen) 18,1.2.1.69,Elapsed (24/7),2013-09-03 06:00:00,1d,0.0,0.0,1.0,0.0,14500.0,0.0,15.84,16.0,16.16,16.0,0.32
400,Transport (Hoboken to Vlissingen) 19,1.2.1.70,Elapsed (24/7),2013-09-12 06:00:00,1d,0.0,0.0,1.0,0.0,14500.0,0.0,15.84,16.0,16.16,16.0,0.32
401,Transport (Hoboken to Vlissingen) 20,1.2.1.71,Elapsed (24/7),2013-09-21 06:00:00,1d,0.0,0.0,1.0,0.0,14500.0,0.0,15.84,16.0,16.16,16.0,0.32
402,Transport (Hoboken to Vlissingen) 21,1.2.1.72,Elapsed (24/7),2013-09-30 06:00:00,1d,0.0,0.0,1.0,0.0,14500.0,0.0,15.84,16.0,16.16,16.0,0.32
403,Transport (Hoboken to Vlissingen) 22,1.2.1.73,Elapsed (24/7),2013-10-09 06:00:00,1d,0.0,0.0,1.0,0.0,14500.0,0.0,15.84,16.0,16.16,16.0,0.32
404,Transport (Hoboken to Vlissingen) 23,1.2.1.74,Elapsed (24/7),2013-10-18 06:00:00,1d,0.0,0.0,1.0,0.0,14500.0,0.0,15.84,16.0,16.16,16.0,0.32
405,Transport (Hoboken to Vlissingen) 24,1.2.1.75,Elapsed (24/7),2013-10-27 06:00:00,1d,0.0,0.0,1.0,0.0,14500.0,0.0,15.84,16.0,16.16,16.0,0.32
313,Transport of the jacket foundations 1,1.2.2.1,Elapsed (24/7),2013-05-04 06:00:00,1d,0.0,0.0,1.0,0.0,0.0,0.0,12.8,14.4,19.2,14.93,6.4
314,Transport of the jacket foundations 2,1.2.2.2,Elapsed (24/7),2013-05-03 06:00:00,1d,0.0,0.0,1.0,0.0,0.0,0.0,12.8,14.4,19.2,14.93,6.4
315,Transport of the jacket foundations 3,1.2.2.3,Elapsed (24/7),2013-04-29 06:00:00,1d,0.0,0.0,1.0,0.0,0.0,0.0,12.8,14.4,19.2,14.93,6.4
316,Transport of the jacket foundations 4,1.2.2.4,Elapsed (24/7),2013-05-02 06:00:00,1d,0.0,0.0,1.0,0.0,0.0,0.0,12.8,14.4,19.2,14.93,6.4
317,Transport of the jacket foundations 5,1.2.2.5,Elapsed (24/7),2013-05-14 06:00:00,1d,0.0,0.0,1.0,0.0,0.0,0.0,12.8,14.4,19.2,14.93,6.4
318,Transport of the jacket foundations 6,1.2.2.6,Elapsed (24/7),2013-05-19 06:00:00,1d,0.0,0.0,1.0,0.0,0.0,0.0,12.8,14.4,19.2,14.93,6.4
319,Transport of the jacket foundations 7,1.2.2.7,Elapsed (24/7),2013-05-28 06:00:00,1d,0.0,0.0,1.0,0.0,0.0,0.0,12.8,14.4,19.2,14.93,6.4
320,Transport of the jacket foundations 8,1.2.2.8,Elapsed (24/7),2013-06-06 06:00:00,1d,0.0,0.0,1.0,0.0,0.0,0.0,12.8,14.4,19.2,14.93,6.4
321,Transport of the jacket foundations 9,1.2.2.9,Elapsed (24/7),2013-06-15 06:00:00,1d,0.0,0.0,1.0,0.0,0.0,0.0,12.8,14.4,19.2,14.93,6.4
322,Transport of the jacket foundations 10,1.2.2.10,Elapsed (24/7),2013-06-24 06:00:00,1d,0.0,0.0,1.0,0.0,0.0,0.0,12.8,14.4,19.2,14.93,6.4
323,Transport of the jacket foundations 11,1.2.2.11,Elapsed (24/7),2013-07-03 06:00:00,1d,0.0,0.0,1.0,0.0,0.0,0.0,12.8,14.4,19.2,14.93,6.4
324,Transport of the jacket foundations 12,1.2.2.12,Elapsed (24/7),2013-07-12 06:00:00,1d,0.0,0.0,1.0,0.0,0.0,0.0,12.8,14.4,19.2,14.93,6.4
325,Transport of the jacket foundations 13,1.2.2.13,Elapsed (24/7),2013-07-21 06:00:00,1d,0.0,0.0,1.0,0.0,0.0,0.0,12.8,14.4,19.2,14.93,6.4
326,Transport of the jacket foundations 14,1.2.2.14,Elapsed (24/7),2013-07-30 06:00:00,1d,0.0,0.0,1.0,0.0,0.0,0.0,12.8,14.4,19.2,14.93,6.4
327,Transport of the jacket foundations 15,1.2.2.15,Elapsed (24/7),2013-08-08 06:00:00,1d,0.0,0.0,1.0,0.0,0.0,0.0,12.8,14.4,19.2,14.93,6.4
328,Transport of the jacket foundations 16,1.2.2.16,Elapsed (24/7),2013-08-17 06:00:00,1d,0.0,0.0,1.0,0.0,0.0,0.0,12.8,14.4,19.2,14.93,6.4
329,Transport of the jacket foundations 17,1.2.2.17,Elapsed (24/7),2013-08-26 06:00:00,1d,0.0,0.0,1.0,0.0,0.0,0.0,12.8,14.4,19.2,14.93,6.4
330,Transport of the jacket foundations 18,1.2.2.18,Elapsed (24/7),2013-09-04 06:00:00,1d,0.0,0.0,1.0,0.0,0.0,0.0,12.8,14.4,19.2,14.93,6.4
331,Transport of the jacket foundations 19,1.2.2.19,Elapsed (24/7),2013-09-13 06:00:00,1d,0.0,0.0,1.0,0.0,0.0,0.0,12.8,14.4,19.2,14.93,6.4
332,Transport of the jacket foundations 20,1.2.2.20,Elapsed (24/7),2013-09-22 06:00:00,1d,0.0,0.0,1.0,0.0,0.0,0.0,12.8,14.4,19.2,14.93,6.4
333,Transport of the jacket foundations 21,1.2.2.21,Elapsed (24/7),2013-10-01 06:00:00,1d,0.0,0.0,1.0,0.0,0.0,0.0,12.8,14.4,19.2,14.93,6.4
334,Transport of the jacket foundations 22,1.2.2.22,Elapsed (24/7),2013-10-10 06:00:00,1d,0.0,0.0,1.0,0.0,0.0,0.0,12.8,14.4,19.2,14.93,6.4
335,Transport of the jacket foundations 23,1.2.2.23,Elapsed (24/7),2013-10-19 06:00:00,1d,0.0,0.0,1.0,0.0,0.0,0.0,12.8,14.4,19.2,14.93,6.4
336,Transport of the jacket foundations 24,1.2.2.24,Elapsed (24/7),2013-10-28 06:00:00,1d,0.0,0.0,1.0,0.0,0.0,0.0,12.8,14.4,19.2,14.93,6.4
289,Installation of the jacket foundations 1,1.2.2.25,Agenda,2013-06-09 06:00:00,1d,0.0,0.0,1.0,0.0,0.0,0.0,12.8,14.4,19.2,14.93,6.4
290,Installation of the jacket foundations 2,1.2.2.26,Agenda,2013-06-13 06:00:00,1d,0.0,0.0,1.0,0.0,0.0,0.0,12.8,14.4,19.2,14.93,6.4
291,Installation of the jacket foundations 3,1.2.2.27,Agenda,2013-06-17 06:00:00,1d,0.0,0.0,1.0,0.0,0.0,0.0,12.8,14.4,19.2,14.93,6.4
292,Installation of the jacket foundations 4,1.2.2.28,Agenda,2013-06-21 06:00:00,1d,0.0,0.0,1.0,0.0,0.0,0.0,12.8,14.4,19.2,14.93,6.4
293,Installation of the jacket foundations 5,1.2.2.29,Agenda,2013-06-26 06:00:00,1d,0.0,0.0,1.0,0.0,0.0,0.0,12.8,14.4,19.2,14.93,6.4
294,Installation of the jacket foundations 6,1.2.2.30,Agenda,2013-06-30 06:00:00,1d,0.0,0.0,1.0,0.0,0.0,0.0,12.8,14.4,19.2,14.93,6.4
295,Installation of the jacket foundations 7,1.2.2.31,Agenda,2013-07-04 06:00:00,1d,0.0,0.0,1.0,0.0,0.0,0.0,12.8,14.4,19.2,14.93,6.4
296,Installation of the jacket foundations 8,1.2.2.32,Agenda,2013-07-08 06:00:00,1d,0.0,0.0,1.0,0.0,0.0,0.0,12.8,14.4,19.2,14.93,6.4
297,Installation of the jacket foundations 9,1.2.2.33,Agenda,2013-07-12 06:00:00,1d,0.0,0.0,1.0,0.0,0.0,0.0,12.8,14.4,19.2,14.93,6.4
298,Installation of the jacket foundations 10,1.2.2.34,Agenda,2013-07-16 06:00:00,1d,0.0,0.0,1.0,0.0,0.0,0.0,12.8,14.4,19.2,14.93,6.4
299,Installation of the jacket foundations 11,1.2.2.35,Agenda,2013-07-20 06:00:00,1d,0.0,0.0,1.0,0.0,0.0,0.0,12.8,14.4,19.2,14.93,6.4
300,Installation of the jacket foundations 12,1.2.2.36,Agenda,2013-07-24 06:00:00,1d,0.0,0.0,1.0,0.0,0.0,0.0,12.8,14.4,19.2,14.93,6.4
301,Installation of the jacket foundations 13,1.2.2.37,Agenda,2013-07-28 06:00:00,1d,0.0,0.0,1.0,0.0,0.0,0.0,12.8,14.4,19.2,14.93,6.4
302,Installation of the jacket foundations 14,1.2.2.38,Agenda,2013-08-01 06:00:00,1d,0.0,0.0,1.0,0.0,0.0,0.0,12.8,14.4,19.2,14.93,6.4
303,Installation of the jacket foundations 15,1.2.2.39,Agenda,2013-08-09 06:00:00,1d,0.0,0.0,1.0,0.0,0.0,0.0,12.8,14.4,19.2,14.93,6.4
304,Installation of the jacket foundations 16,1.2.2.40,Agenda,2013-08-18 06:00:00,1d,0.0,0.0,1.0,0.0,0.0,0.0,12.8,14.4,19.2,14.93,6.4
305,Installation of the jacket foundations 17,1.2.2.41,Agenda,2013-08-27 06:00:00,1d,0.0,0.0,1.0,0.0,0.0,0.0,12.8,14.4,19.2,14.93,6.4
306,Installation of the jacket foundations 18,1.2.2.42,Agenda,2013-09-05 06:00:00,1d,0.0,0.0,1.0,0.0,0.0,0.0,12.8,14.4,19.2,14.93,6.4
307,Installation of the jacket foundations 19,1.2.2.43,Agenda,2013-09-14 06:00:00,1d,0.0,0.0,1.0,0.0,0.0,0.0,12.8,14.4,19.2,14.93,6.4
308,Installation of the jacket foundations 20,1.2.2.44,Agenda,2013-09-23 06:00:00,1d,0.0,0.0,1.0,0.0,0.0,0.0,12.8,14.4,19.2,14.93,6.4
309,Installation of the jacket foundations 21,1.2.2.45,Agenda,2013-10-02 06:00:00,1d,0.0,0.0,1.0,0.0,0.0,0.0,12.8,14.4,19.2,14.93,6.4
310,Installation of the jacket foundations 22,1.2.2.46,Agenda,2013-10-11 06:00:00,1d,0.0,0.0,1.0,0.0,0.0,0.0,12.8,14.4,19.2,14.93,6.4
311,Installation of the jacket foundations 23,1.2.2.47,Agenda,2013-10-20 06:00:00,1d,0.0,0.0,1.0,0.0,0.0,0.0,12.8,14.4,19.2,14.93,6.4
312,Installation of the jacket foundations 24,1.2.2.48,Agenda,2013-10-29 06:00:00,1d,0.0,0.0,1.0,0.0,0.0,0.0,12.8,14.4,19.2,14.93,6.4
265,Grouting of foundation to the pin-piles 1,1.2.2.49,Agenda,2013-06-10 06:00:00,1d,0.0,0.0,1.0,0.0,98000.0,0.0,12.8,14.4,19.2,14.93,6.4
266,Grouting of foundation to the pin-piles 2,1.2.2.50,Agenda,2013-06-14 06:00:00,1d,0.0,0.0,1.0,0.0,98000.0,0.0,12.8,14.4,19.2,14.93,6.4
267,Grouting of foundation to the pin-piles 3,1.2.2.51,Agenda,2013-06-18 06:00:00,1d,0.0,0.0,1.0,0.0,98000.0,0.0,12.8,14.4,19.2,14.93,6.4
268,Grouting of foundation to the pin-piles 4,1.2.2.52,Agenda,2013-06-22 06:00:00,1d,0.0,0.0,1.0,0.0,98000.0,0.0,12.8,14.4,19.2,14.93,6.4
269,Grouting of foundation to the pin-piles 5,1.2.2.53,Agenda,2013-06-27 06:00:00,1d,0.0,0.0,1.0,0.0,98000.0,0.0,12.8,14.4,19.2,14.93,6.4
270,Grouting of foundation to the pin-piles 6,1.2.2.54,Agenda,2013-07-01 06:00:00,1d,0.0,0.0,1.0,0.0,98000.0,0.0,12.8,14.4,19.2,14.93,6.4
271,Grouting of foundation to the pin-piles 7,1.2.2.55,Agenda,2013-07-05 06:00:00,1d,0.0,0.0,1.0,0.0,98000.0,0.0,12.8,14.4,19.2,14.93,6.4
272,Grouting of foundation to the pin-piles 8,1.2.2.56,Agenda,2013-07-09 06:00:00,1d,0.0,0.0,1.0,0.0,98000.0,0.0,12.8,14.4,19.2,14.93,6.4
273,Grouting of foundation to the pin-piles 9,1.2.2.57,Agenda,2013-07-13 06:00:00,1d,0.0,0.0,1.0,0.0,98000.0,0.0,12.8,14.4,19.2,14.93,6.4
274,Grouting of foundation to the pin-piles 10,1.2.2.58,Agenda,2013-07-17 06:00:00,1d,0.0,0.0,1.0,0.0,98000.0,0.0,12.8,14.4,19.2,14.93,6.4
275,Grouting of foundation to the pin-piles 11,1.2.2.59,Agenda,2013-07-21 06:00:00,1d,0.0,0.0,1.0,0.0,98000.0,0.0,12.8,14.4,19.2,14.93,6.4
276,Grouting of foundation to the pin-piles 12,1.2.2.60,Agenda,2013-07-25 06:00:00,1d,0.0,0.0,1.0,0.0,98000.0,0.0,12.8,14.4,19.2,14.93,6.4
277,Grouting of foundation to the pin-piles 13,1.2.2.61,Agenda,2013-07-29 06:00:00,1d,0.0,0.0,1.0,0.0,98000.0,0.0,12.8,14.4,19.2,14.93,6.4
278,Grouting of foundation to the pin-piles 14,1.2.2.62,Agenda,2013-08-02 06:00:00,1d,0.0,0.0,1.0,0.0,98000.0,0.0,12.8,14.4,19.2,14.93,6.4
279,Grouting of foundation to the pin-piles 15,1.2.2.63,Agenda,2013-08-10 06:00:00,1d,0.0,0.0,1.0,0.0,98000.0,0.0,12.8,14.4,19.2,14.93,6.4
280,Grouting of foundation to the pin-piles 16,1.2.2.64,Agenda,2013-08-19 06:00:00,1d,0.0,0.0,1.0,0.0,98000.0,0.0,12.8,14.4,19.2,14.93,6.4
281,Grouting of foundation to the pin-piles 17,1.2.2.65,Agenda,2013-08-28 06:00:00,1d,0.0,0.0,1.0,0.0,98000.0,0.0,12.8,14.4,19.2,14.93,6.4
282,Grouting of foundation to the pin-piles 18,1.2.2.66,Agenda,2013-09-06 06:00:00,1d,0.0,0.0,1.0,0.0,98000.0,0.0,12.8,14.4,19.2,14.93,6.4
283,Grouting of foundation to the pin-piles 19,1.2.2.67,Agenda,2013-09-15 06:00:00,1d,0.0,0.0,1.0,0.0,98000.0,0.0,12.8,14.4,19.2,14.93,6.4
284,Grouting of foundation to the pin-piles 20,1.2.2.68,Agenda,2013-09-24 06:00:00,1d,0.0,0.0,1.0,0.0,98000.0,0.0,12.8,14.4,19.2,14.93,6.4
285,Grouting of foundation to the pin-piles 21,1.2.2.69,Agenda,2013-10-03 06:00:00,1d,0.0,0.0,1.0,0.0,98000.0,0.0,12.8,14.4,19.2,14.93,6.4
286,Grouting of foundation to the pin-piles 22,1.2.2.70,Agenda,2013-10-12 06:00:00,1d,0.0,0.0,1.0,0.0,98000.0,0.0,12.8,14.4,19.2,14.93,6.4
287,Grouting of foundation to the pin-piles 23,1.2.2.71,Agenda,2013-10-21 06:00:00,1d,0.0,0.0,1.0,0.0,98000.0,0.0,12.8,14.4,19.2,14.93,6.4
288,Grouting of foundation to the pin-piles 24,1.2.2.72,Agenda,2013-10-30 06:00:00,1d,0.0,0.0,1.0,0.0,98000.0,0.0,12.8,14.4,19.2,14.93,6.4
46,Towers by AMAU-Cuxhaven Germany,1.3.1.1.1,Agenda,2013-05-12 06:00:00,240d,0.0,0.0,240.0,0.0,14400000.0,0.0,3801.6,3840.0,3878.4,3840.0,76.8
47,Blades by LM Denmark,1.3.1.1.2,Agenda,2013-02-04 18:00:00,240d,0.0,0.0,240.0,0.0,8640000.0,0.0,3801.6,3840.0,3878.4,3840.0,76.8
48,Generators by VEM Germany,1.3.1.1.3,Agenda,2013-03-16 07:00:00,240d,0.0,0.0,240.0,0.0,12096000.0,0.0,3801.6,3840.0,3878.4,3840.0,76.8
49,Gearboxes by WINERGY-Vörde Germany and Hansen Belgium,1.3.1.1.4,Agenda,2013-03-16 07:00:00,240d,0.0,0.0,240.0,0.0,22464000.0,0.0,3801.6,3840.0,3878.4,3840.0,76.8
53,Towers Germany-Ostend,1.3.1.2.1,Agenda,2013-11-28 06:00:00,48d,0.0,0.0,48.0,0.0,624000.0,0.0,614.4,844.8,921.6,819.2,307.2
52,Blades Denmark-Ostend,1.3.1.2.2,Agenda,2013-08-23 18:00:00,39d 5h,0.0,0.0,39.0,5.0,624000.0,0.0,503.2,691.9,754.8,670.93,251.6
51,Generators Germany-Ostend,1.3.1.2.3,Agenda,2013-10-02 07:00:00,48d,0.0,0.0,48.0,0.0,1027000.0,0.0,614.4,844.8,921.6,819.2,307.2
50,Gearboxes Germany-Ostend/Antwerp-Ostend,1.3.1.2.4,Agenda,2013-10-02 07:00:00,48d,0.0,0.0,48.0,0.0,1027000.0,0.0,614.4,844.8,921.6,819.2,307.2
56,Preparation of the onshore site,1.3.1.3,Agenda,2013-03-18 06:00:00,30d,0.0,0.0,30.0,0.0,0.0,0.0,384.0,480.0,576.0,480.0,192.0
57,Assembly of gearbox and generator,1.3.1.4.1,Agenda,2013-11-19 07:00:00,48d,0.0,0.0,48.0,0.0,0.0,0.0,614.4,768.0,921.6,768.0,307.2
58,Assembly of blades,1.3.1.4.2,Agenda,2013-10-02 07:00:00,48d,0.0,0.0,48.0,0.0,0.0,0.0,614.4,768.0,921.6,768.0,307.2
502,Loading jack up transport and installation platform 1,1.3.2.1,Agenda,2013-12-18 06:00:00,3d,0.0,0.0,3.0,0.0,0.0,634800.0,38.4,43.2,57.6,44.8,19.2
503,Loading jack up transport and installation platform 2,1.3.2.2,Agenda,2014-01-06 07:00:00,3d,0.0,0.0,3.0,0.0,0.0,0.0,38.4,43.2,57.6,44.8,19.2
504,Loading jack up transport and installation platform 3,1.3.2.3,Agenda,2014-01-10 07:00:00,3d,0.0,0.0,3.0,0.0,0.0,0.0,38.4,43.2,57.6,44.8,19.2
505,Loading jack up transport and installation platform 4,1.3.2.4,Agenda,2014-01-14 07:00:00,3d,0.0,0.0,3.0,0.0,0.0,0.0,38.4,43.2,57.6,44.8,19.2
506,Loading jack up transport and installation platform 5,1.3.2.5,Agenda,2014-01-18 07:00:00,3d,0.0,0.0,3.0,0.0,0.0,0.0,38.4,43.2,57.6,44.8,19.2
507,Loading jack up transport and installation platform 6,1.3.2.6,Agenda,2014-01-22 07:00:00,3d,0.0,0.0,3.0,0.0,0.0,0.0,38.4,43.2,57.6,44.8,19.2
508,Loading jack up transport and installation platform 7,1.3.2.7,Agenda,2014-01-26 07:00:00,3d,0.0,0.0,3.0,0.0,0.0,0.0,38.4,43.2,57.6,44.8,19.2
509,Loading jack up transport and installation platform 8,1.3.2.8,Agenda,2014-01-30 07:00:00,3d,0.0,0.0,3.0,0.0,0.0,0.0,38.4,43.2,57.6,44.8,19.2
510,Loading jack up transport and installation platform 9,1.3.2.9,Agenda,2014-02-03 07:00:00,3d,0.0,0.0,3.0,0.0,0.0,0.0,38.4,43.2,57.6,44.8,19.2
511,Loading jack up transport and installation platform 10,1.3.2.10,Agenda,2014-02-07 07:00:00,3d,0.0,0.0,3.0,0.0,0.0,0.0,38.4,43.2,57.6,44.8,19.2
512,Loading jack up transport and installation platform 11,1.3.2.11,Agenda,2014-02-11 07:00:00,3d,0.0,0.0,3.0,0.0,0.0,0.0,38.4,43.2,57.6,44.8,19.2
513,Loading jack up transport and installation platform 12,1.3.2.12,Agenda,2014-02-15 07:00:00,3d,0.0,0.0,3.0,0.0,0.0,0.0,38.4,43.2,57.6,44.8,19.2
514,Loading jack up transport and installation platform 13,1.3.2.13,Agenda,2014-02-19 07:00:00,3d,0.0,0.0,3.0,0.0,0.0,0.0,38.4,43.2,57.6,44.8,19.2
515,Loading jack up transport and installation platform 14,1.3.2.14,Agenda,2014-02-23 07:00:00,3d,0.0,0.0,3.0,0.0,0.0,0.0,38.4,43.2,57.6,44.8,19.2
516,Loading jack up transport and installation platform 15,1.3.2.15,Agenda,2014-02-27 07:00:00,3d,0.0,0.0,3.0,0.0,0.0,0.0,38.4,43.2,57.6,44.8,19.2
517,Loading jack up transport and installation platform 16,1.3.2.16,Agenda,2014-03-03 07:00:00,3d,0.0,0.0,3.0,0.0,0.0,0.0,38.4,43.2,57.6,44.8,19.2
518,Loading jack up transport and installation platform 17,1.3.2.17,Agenda,2014-03-07 07:00:00,3d,0.0,0.0,3.0,0.0,0.0,0.0,38.4,43.2,57.6,44.8,19.2
519,Loading jack up transport and installation platform 18,1.3.2.18,Agenda,2014-03-11 07:00:00,3d,0.0,0.0,3.0,0.0,0.0,0.0,38.4,43.2,57.6,44.8,19.2
520,Loading jack up transport and installation platform 19,1.3.2.19,Agenda,2014-03-15 07:00:00,3d,0.0,0.0,3.0,0.0,0.0,0.0,38.4,43.2,57.6,44.8,19.2
521,Loading jack up transport and installation platform 20,1.3.2.20,Agenda,2014-03-19 07:00:00,3d,0.0,0.0,3.0,0.0,0.0,0.0,38.4,43.2,57.6,44.8,19.2
522,Loading jack up transport and installation platform 21,1.3.2.21,Agenda,2014-03-23 07:00:00,3d,0.0,0.0,3.0,0.0,0.0,0.0,38.4,43.2,57.6,44.8,19.2
523,Loading jack up transport and installation platform 22,1.3.2.22,Agenda,2014-03-27 07:00:00,3d,0.0,0.0,3.0,0.0,0.0,0.0,38.4,43.2,57.6,44.8,19.2
524,Loading jack up transport and installation platform 23,1.3.2.23,Agenda,2014-03-31 07:00:00,3d,0.0,0.0,3.0,0.0,0.0,0.0,38.4,43.2,57.6,44.8,19.2
525,Loading jack up transport and installation platform 24,1.3.2.24,Agenda,2014-04-04 07:00:00,3d,0.0,0.0,3.0,0.0,0.0,0.0,38.4,43.2,57.6,44.8,19.2
478,Offshore assembly of wind turbines 1,1.3.2.25,Agenda,2013-12-21 06:00:00,1d,0.0,0.0,1.0,0.0,0.0,211584.0,12.8,14.4,19.2,14.93,6.4
479,Offshore assembly of wind turbines 2,1.3.2.26,Agenda,2014-01-09 07:00:00,1d,0.0,0.0,1.0,0.0,0.0,0.0,12.8,14.4,19.2,14.93,6.4
480,Offshore assembly of wind turbines 3,1.3.2.27,Agenda,2014-01-13 07:00:00,1d,0.0,0.0,1.0,0.0,0.0,0.0,12.8,14.4,19.2,14.93,6.4
481,Offshore assembly of wind turbines 4,1.3.2.28,Agenda,2014-01-17 07:00:00,1d,0.0,0.0,1.0,0.0,0.0,0.0,12.8,14.4,19.2,14.93,6.4
482,Offshore assembly of wind turbines 5,1.3.2.29,Agenda,2014-01-21 07:00:00,1d,0.0,0.0,1.0,0.0,0.0,0.0,12.8,14.4,19.2,14.93,6.4
483,Offshore assembly of wind turbines 6,1.3.2.30,Agenda,2014-01-25 07:00:00,1d,0.0,0.0,1.0,0.0,0.0,0.0,12.8,14.4,19.2,14.93,6.4
484,Offshore assembly of wind turbines 7,1.3.2.31,Agenda,2014-01-29 07:00:00,1d,0.0,0.0,1.0,0.0,0.0,0.0,12.8,14.4,19.2,14.93,6.4
485,Offshore assembly of wind turbines 8,1.3.2.32,Agenda,2014-02-02 07:00:00,1d,0.0,0.0,1.0,0.0,0.0,0.0,12.8,14.4,19.2,14.93,6.4
486,Offshore assembly of wind turbines 9,1.3.2.33,Agenda,2014-02-06 07:00:00,1d,0.0,0.0,1.0,0.0,0.0,0.0,12.8,14.4,19.2,14.93,6.4
487,Offshore assembly of wind turbines 10,1.3.2.34,Agenda,2014-02-10 07:00:00,1d,0.0,0.0,1.0,0.0,0.0,0.0,12.8,14.4,19.2,14.93,6.4
488,Offshore assembly of wind turbines 11,1.3.2.35,Agenda,2014-02-14 07:00:00,1d,0.0,0.0,1.0,0.0,0.0,0.0,12.8,14.4,19.2,14.93,6.4
489,Offshore assembly of wind turbines 12,1.3.2.36,Agenda,2014-02-18 07:00:00,1d,0.0,0.0,1.0,0.0,0.0,0.0,12.8,14.4,19.2,14.93,6.4
490,Offshore assembly of wind turbines 13,1.3.2.37,Agenda,2014-02-22 07:00:00,1d,0.0,0.0,1.0,0.0,0.0,0.0,12.8,14.4,19.2,14.93,6.4
491,Offshore assembly of wind turbines 14,1.3.2.38,Agenda,2014-02-26 07:00:00,1d,0.0,0.0,1.0,0.0,0.0,0.0,12.8,14.4,19.2,14.93,6.4
492,Offshore assembly of wind turbines 15,1.3.2.39,Agenda,2014-03-02 07:00:00,1d,0.0,0.0,1.0,0.0,0.0,0.0,12.8,14.4,19.2,14.93,6.4
493,Offshore assembly of wind turbines 16,1.3.2.40,Agenda,2014-03-06 07:00:00,1d,0.0,0.0,1.0,0.0,0.0,0.0,12.8,14.4,19.2,14.93,6.4
494,Offshore assembly of wind turbines 17,1.3.2.41,Agenda,2014-03-10 07:00:00,1d,0.0,0.0,1.0,0.0,0.0,0.0,12.8,14.4,19.2,14.93,6.4
495,Offshore assembly of wind turbines 18,1.3.2.42,Agenda,2014-03-14 07:00:00,1d,0.0,0.0,1.0,0.0,0.0,0.0,12.8,14.4,19.2,14.93,6.4
496,Offshore assembly of wind turbines 19,1.3.2.43,Agenda,2014-03-18 07:00:00,1d,0.0,0.0,1.0,0.0,0.0,0.0,12.8,14.4,19.2,14.93,6.4
497,Offshore assembly of wind turbines 20,1.3.2.44,Agenda,2014-03-22 07:00:00,1d,0.0,0.0,1.0,0.0,0.0,0.0,12.8,14.4,19.2,14.93,6.4
498,Offshore assembly of wind turbines 21,1.3.2.45,Agenda,2014-03-26 07:00:00,1d,0.0,0.0,1.0,0.0,0.0,0.0,12.8,14.4,19.2,14.93,6.4
499,Offshore assembly of wind turbines 22,1.3.2.46,Agenda,2014-03-30 07:00:00,1d,0.0,0.0,1.0,0.0,0.0,0.0,12.8,14.4,19.2,14.93,6.4
500,Offshore assembly of wind turbines 23,1.3.2.47,Agenda,2014-04-03 07:00:00,1d,0.0,0.0,1.0,0.0,0.0,0.0,12.8,14.4,19.2,14.93,6.4
501,Offshore assembly of wind turbines 24,1.3.2.48,Agenda,2014-04-07 07:00:00,1d,0.0,0.0,1.0,0.0,0.0,0.0,12.8,14.4,19.2,14.93,6.4
454,Terminations of infield cables 1,1.3.2.49,Agenda,2014-01-08 06:00:00,3d,0.0,0.0,3.0,0.0,0.0,0.0,38.4,48.0,57.6,48.0,19.2
455,Terminations of infield cables 2,1.3.2.50,Agenda,2014-01-12 07:00:00,3d,0.0,0.0,3.0,0.0,0.0,0.0,38.4,48.0,57.6,48.0,19.2
456,Terminations of infield cables 3,1.3.2.51,Agenda,2014-01-16 07:00:00,3d,0.0,0.0,3.0,0.0,0.0,0.0,38.4,48.0,57.6,48.0,19.2
457,Terminations of infield cables 4,1.3.2.52,Agenda,2014-01-20 07:00:00,3d,0.0,0.0,3.0,0.0,0.0,0.0,38.4,48.0,57.6,48.0,19.2
458,Terminations of infield cables 5,1.3.2.53,Agenda,2014-01-24 07:00:00,3d,0.0,0.0,3.0,0.0,0.0,0.0,38.4,48.0,57.6,48.0,19.2
459,Terminations of infield cables 6,1.3.2.54,Agenda,2014-01-28 07:00:00,3d,0.0,0.0,3.0,0.0,0.0,0.0,38.4,48.0,57.6,48.0,19.2
460,Terminations of infield cables 7,1.3.2.55,Agenda,2014-02-02 07:00:00,3d,0.0,0.0,3.0,0.0,0.0,0.0,38.4,48.0,57.6,48.0,19.2
461,Terminations of infield cables 8,1.3.2.56,Agenda,2014-02-05 07:00:00,3d,0.0,0.0,3.0,0.0,0.0,0.0,38.4,48.0,57.6,48.0,19.2
462,Terminations of infield cables 9,1.3.2.57,Agenda,2014-02-09 07:00:00,3d,0.0,0.0,3.0,0.0,0.0,0.0,38.4,48.0,57.6,48.0,19.2
463,Terminations of infield cables 10,1.3.2.58,Agenda,2014-02-13 07:00:00,3d,0.0,0.0,3.0,0.0,0.0,0.0,38.4,48.0,57.6,48.0,19.2
464,Terminations of infield cables 11,1.3.2.59,Agenda,2014-02-17 07:00:00,3d,0.0,0.0,3.0,0.0,0.0,0.0,38.4,48.0,57.6,48.0,19.2
465,Terminations of infield cables 12,1.3.2.60,Agenda,2014-02-21 07:00:00,3d,0.0,0.0,3.0,0.0,0.0,0.0,38.4,48.0,57.6,48.0,19.2
466,Terminations of infield cables 13,1.3.2.61,Agenda,2014-02-25 07:00:00,3d,0.0,0.0,3.0,0.0,0.0,0.0,38.4,48.0,57.6,48.0,19.2
467,Terminations of infield cables 14,1.3.2.62,Agenda,2014-03-01 07:00:00,3d,0.0,0.0,3.0,0.0,0.0,0.0,38.4,48.0,57.6,48.0,19.2
468,Terminations of infield cables 15,1.3.2.63,Agenda,2014-03-05 07:00:00,3d,0.0,0.0,3.0,0.0,0.0,0.0,38.4,48.0,57.6,48.0,19.2
469,Terminations of infield cables 16,1.3.2.64,Agenda,2014-03-09 07:00:00,3d,0.0,0.0,3.0,0.0,0.0,0.0,38.4,48.0,57.6,48.0,19.2
470,Terminations of infield cables 17,1.3.2.65,Agenda,2014-03-13 07:00:00,3d,0.0,0.0,3.0,0.0,0.0,0.0,38.4,48.0,57.6,48.0,19.2
471,Terminations of infield cables 18,1.3.2.66,Agenda,2014-03-17 07:00:00,3d,0.0,0.0,3.0,0.0,0.0,0.0,38.4,48.0,57.6,48.0,19.2
472,Terminations of infield cables 19,1.3.2.67,Agenda,2014-03-21 07:00:00,3d,0.0,0.0,3.0,0.0,0.0,0.0,38.4,48.0,57.6,48.0,19.2
473,Terminations of infield cables 20,1.3.2.68,Agenda,2014-03-25 07:00:00,3d,0.0,0.0,3.0,0.0,0.0,0.0,38.4,48.0,57.6,48.0,19.2
474,Terminations of infield cables 21,1.3.2.69,Agenda,2014-03-29 07:00:00,3d,0.0,0.0,3.0,0.0,0.0,0.0,38.4,48.0,57.6,48.0,19.2
475,Terminations of infield cables 22,1.3.2.70,Agenda,2014-04-02 07:00:00,3d,0.0,0.0,3.0,0.0,0.0,0.0,38.4,48.0,57.6,48.0,19.2
476,Terminations of infield cables 23,1.3.2.71,Agenda,2014-04-06 07:00:00,3d,0.0,0.0,3.0,0.0,0.0,0.0,38.4,48.0,57.6,48.0,19.2
477,Terminations of infield cables 24,1.3.2.72,Agenda,2014-04-10 07:00:00,3d,0.0,0.0,3.0,0.0,0.0,0.0,38.4,48.0,57.6,48.0,19.2
430,Commissioning of wind turbines 1,1.3.2.73,Agenda,2014-01-11 06:00:00,5d,0.0,0.0,5.0,0.0,0.0,0.0,64.0,72.0,96.0,74.67,32.0
431,Commissioning of wind turbines 2,1.3.2.74,Agenda,2014-01-16 06:00:00,5d,0.0,0.0,5.0,0.0,0.0,0.0,64.0,72.0,96.0,74.67,32.0
432,Commissioning of wind turbines 3,1.3.2.75,Agenda,2014-01-21 06:00:00,5d,0.0,0.0,5.0,0.0,0.0,0.0,64.0,72.0,96.0,74.67,32.0
433,Commissioning of wind turbines 4,1.3.2.76,Agenda,2014-01-26 06:00:00,5d,0.0,0.0,5.0,0.0,0.0,0.0,64.0,72.0,96.0,74.67,32.0
434,Commissioning of wind turbines 5,1.3.2.77,Agenda,2014-01-31 06:00:00,5d,0.0,0.0,5.0,0.0,0.0,0.0,64.0,72.0,96.0,74.67,32.0
435,Commissioning of wind turbines 6,1.3.2.78,Agenda,2014-02-05 06:00:00,5d,0.0,0.0,5.0,0.0,0.0,0.0,64.0,72.0,96.0,74.67,32.0
436,Commissioning of wind turbines 7,1.3.2.79,Agenda,2014-02-10 06:00:00,5d,0.0,0.0,5.0,0.0,0.0,0.0,64.0,72.0,96.0,74.67,32.0
437,Commissioning of wind turbines 8,1.3.2.80,Agenda,2014-02-15 06:00:00,5d,0.0,0.0,5.0,0.0,0.0,0.0,64.0,72.0,96.0,74.67,32.0
438,Commissioning of wind turbines 9,1.3.2.81,Agenda,2014-02-20 06:00:00,5d,0.0,0.0,5.0,0.0,0.0,0.0,64.0,72.0,96.0,74.67,32.0
439,Commissioning of wind turbines 10,1.3.2.82,Agenda,2014-02-25 06:00:00,5d,0.0,0.0,5.0,0.0,0.0,0.0,64.0,72.0,96.0,74.67,32.0
440,Commissioning of wind turbines 11,1.3.2.83,Agenda,2014-03-02 06:00:00,5d,0.0,0.0,5.0,0.0,0.0,0.0,64.0,72.0,96.0,74.67,32.0
441,Commissioning of wind turbines 12,1.3.2.84,Agenda,2014-03-07 06:00:00,5d,0.0,0.0,5.0,0.0,0.0,0.0,64.0,72.0,96.0,74.67,32.0
442,Commissioning of wind turbines 13,1.3.2.85,Agenda,2014-03-12 06:00:00,5d,0.0,0.0,5.0,0.0,0.0,0.0,64.0,72.0,96.0,74.67,32.0
443,Commissioning of wind turbines 14,1.3.2.86,Agenda,2014-03-17 06:00:00,5d,0.0,0.0,5.0,0.0,0.0,0.0,64.0,72.0,96.0,74.67,32.0
444,Commissioning of wind turbines 15,1.3.2.87,Agenda,2014-03-22 06:00:00,5d,0.0,0.0,5.0,0.0,0.0,0.0,64.0,72.0,96.0,74.67,32.0
445,Commissioning of wind turbines 16,1.3.2.88,Agenda,2014-03-27 06:00:00,5d,0.0,0.0,5.0,0.0,0.0,0.0,64.0,72.0,96.0,74.67,32.0
446,Commissioning of wind turbines 17,1.3.2.89,Agenda,2014-04-01 06:00:00,5d,0.0,0.0,5.0,0.0,0.0,0.0,64.0,72.0,96.0,74.67,32.0
447,Commissioning of wind turbines 18,1.3.2.90,Agenda,2014-04-06 06:00:00,5d,0.0,0.0,5.0,0.0,0.0,0.0,64.0,72.0,96.0,74.67,32.0
448,Commissioning of wind turbines 19,1.3.2.91,Agenda,2014-04-18 07:00:00,5d,0.0,0.0,5.0,0.0,0.0,0.0,64.0,72.0,96.0,74.67,32.0
449,Commissioning of wind turbines 20,1.3.2.92,Agenda,2014-04-23 07:00:00,5d,0.0,0.0,5.0,0.0,0.0,0.0,64.0,72.0,96.0,74.67,32.0
450,Commissioning of wind turbines 21,1.3.2.93,Agenda,2014-04-28 07:00:00,5d,0.0,0.0,5.0,0.0,0.0,0.0,64.0,72.0,96.0,74.67,32.0
451,Commissioning of wind turbines 22,1.3.2.94,Agenda,2014-05-03 07:00:00,5d,0.0,0.0,5.0,0.0,0.0,0.0,64.0,72.0,96.0,74.67,32.0
452,Commissioning of wind turbines 23,1.3.2.95,Agenda,2014-05-08 07:00:00,5d,0.0,0.0,5.0,0.0,0.0,0.0,64.0,72.0,96.0,74.67,32.0
453,Commissioning of wind turbines 24,1.3.2.96,Agenda,2014-04-13 07:00:00,5d,0.0,0.0,5.0,0.0,0.0,0.0,64.0,72.0,96.0,74.67,32.0
406,Reliability tests 1,1.3.2.97,Agenda,2014-01-16 06:00:00,5d,0.0,0.0,5.0,0.0,0.0,0.0,64.0,72.0,96.0,74.67,32.0
407,Reliability tests 2,1.3.2.98,Agenda,2014-01-21 06:00:00,5d,0.0,0.0,5.0,0.0,0.0,0.0,64.0,72.0,96.0,74.67,32.0
408,Reliability tests 3,1.3.2.99,Agenda,2014-01-26 06:00:00,5d,0.0,0.0,5.0,0.0,0.0,0.0,64.0,72.0,96.0,74.67,32.0
409,Reliability tests 4,1.3.2.100,Agenda,2014-01-31 06:00:00,5d,0.0,0.0,5.0,0.0,0.0,0.0,64.0,72.0,96.0,74.67,32.0
410,Reliability tests 5,1.3.2.101,Agenda,2014-02-05 06:00:00,5d,0.0,0.0,5.0,0.0,0.0,0.0,64.0,72.0,96.0,74.67,32.0
411,Reliability tests 6,1.3.2.102,Agenda,2014-02-10 06:00:00,5d,0.0,0.0,5.0,0.0,0.0,0.0,64.0,72.0,96.0,74.67,32.0
412,Reliability tests 7,1.3.2.103,Agenda,2014-02-15 06:00:00,5d,0.0,0.0,5.0,0.0,0.0,0.0,64.0,72.0,96.0,74.67,32.0
413,Reliability tests 8,1.3.2.104,Agenda,2014-02-20 06:00:00,5d,0.0,0.0,5.0,0.0,0.0,0.0,64.0,72.0,96.0,74.67,32.0
414,Reliability tests 9,1.3.2.105,Agenda,2014-02-25 06:00:00,5d,0.0,0.0,5.0,0.0,0.0,0.0,64.0,72.0,96.0,74.67,32.0
415,Reliability tests 10,1.3.2.106,Agenda,2014-03-02 06:00:00,5d,0.0,0.0,5.0,0.0,0.0,0.0,64.0,72.0,96.0,74.67,32.0
416,Reliability tests 11,1.3.2.107,Agenda,2014-03-07 06:00:00,5d,0.0,0.0,5.0,0.0,0.0,0.0,64.0,72.0,96.0,74.67,32.0
417,Reliability tests 12,1.3.2.108,Agenda,2014-03-12 06:00:00,5d,0.0,0.0,5.0,0.0,0.0,0.0,64.0,72.0,96.0,74.67,32.0
418,Reliability tests 13,1.3.2.109,Agenda,2014-03-17 06:00:00,5d,0.0,0.0,5.0,0.0,0.0,0.0,64.0,72.0,96.0,74.67,32.0
419,Reliability tests 14,1.3.2.110,Agenda,2014-03-22 06:00:00,5d,0.0,0.0,5.0,0.0,0.0,0.0,64.0,72.0,96.0,74.67,32.0
421,Reliability tests 15,1.3.2.111,Agenda,2014-04-01 06:00:00,5d,0.0,0.0,5.0,0.0,0.0,0.0,64.0,72.0,96.0,74.67,32.0
420,Reliability tests 16,1.3.2.112,Agenda,2014-03-27 06:00:00,5d,0.0,0.0,5.0,0.0,0.0,0.0,64.0,72.0,96.0,74.67,32.0
422,Reliability tests 17,1.3.2.113,Agenda,2014-04-06 06:00:00,5d,0.0,0.0,5.0,0.0,0.0,0.0,64.0,72.0,96.0,74.67,32.0
423,Reliability tests 18,1.3.2.114,Agenda,2014-04-11 06:00:00,5d,0.0,0.0,5.0,0.0,0.0,0.0,64.0,72.0,96.0,74.67,32.0
424,Reliability tests 19,1.3.2.115,Agenda,2014-04-23 07:00:00,5d,0.0,0.0,5.0,0.0,0.0,0.0,64.0,72.0,96.0,74.67,32.0
425,Reliability tests 20,1.3.2.116,Agenda,2014-04-28 07:00:00,5d,0.0,0.0,5.0,0.0,0.0,0.0,64.0,72.0,96.0,74.67,32.0
426,Reliability tests 21,1.3.2.117,Agenda,2014-05-03 07:00:00,5d,0.0,0.0,5.0,0.0,0.0,0.0,64.0,72.0,96.0,74.67,32.0
427,Reliability tests 22,1.3.2.118,Agenda,2014-05-08 07:00:00,5d,0.0,0.0,5.0,0.0,0.0,0.0,64.0,72.0,96.0,74.67,32.0
428,Reliability tests 23,1.3.2.119,Agenda,2014-05-13 07:00:00,5d,0.0,0.0,5.0,0.0,0.0,0.0,64.0,72.0,96.0,74.67,32.0
429,Reliability tests 24,1.3.2.120,Agenda,2014-04-18 07:00:00,5d,0.0,0.0,5.0,0.0,0.0,0.0,64.0,72.0,96.0,74.67,32.0
75,Purchase of base materials,1.4.1.1,Agenda,2013-02-04 06:00:00,40d,0.0,0.0,40.0,0.0,176000.0,0.0,512.0,704.0,768.0,682.67,256.0
76,Construction of jacket foundation for OTS,1.4.1.2,Agenda,2013-03-16 06:00:00,10d,0.0,0.0,10.0,0.0,278000.0,0.0,128.0,160.0,192.0,160.0,64.0
77,Transport of jacket foundation to Ostend,1.4.1.3,Elapsed (24/7),2013-05-31 06:00:00,2d,0.0,0.0,2.0,0.0,0.0,0.0,31.68,32.0,32.32,32.0,0.64
82,Transport of jacket foundation in sea,1.4.2.1,Elapsed (24/7),2013-06-02 06:00:00,1d,0.0,0.0,1.0,0.0,0.0,0.0,12.8,14.4,19.2,14.93,6.4
81,Installation of jacket foundation of OTS,1.4.2.2,Agenda,2013-06-03 06:00:00,1d,0.0,0.0,1.0,0.0,0.0,0.0,12.8,14.4,19.2,14.93,6.4
84,Purchase of base materials,1.4.3.1,Agenda,2013-02-04 06:00:00,150d,0.0,0.0,150.0,0.0,3045000.0,0.0,1920.0,2640.0,2880.0,2560.0,960.0
85,Erection of 1st main deck section,1.4.3.2,Agenda,2013-04-05 06:00:00,30d,0.0,0.0,30.0,0.0,696000.0,0.0,384.0,480.0,576.0,480.0,192.0
86,Erection of 2st main deck section,1.4.3.3,Agenda,2013-05-05 06:00:00,30d,0.0,0.0,30.0,0.0,696000.0,0.0,384.0,480.0,576.0,480.0,192.0
87,Erection of mezzanine deck,1.4.3.4,Agenda,2013-06-04 06:00:00,16d,0.0,0.0,16.0,0.0,654000.0,0.0,204.8,256.0,307.2,256.0,102.4
88,Construction of roof deck,1.4.3.5,Agenda,2013-06-20 06:00:00,16d,0.0,0.0,16.0,0.0,696000.0,0.0,204.8,256.0,307.2,256.0,102.4
89,Internal finishings,1.4.3.6,Agenda,2013-07-06 06:00:00,2d 1h,0.0,0.0,2.0,1.0,205000.0,0.0,26.4,29.7,39.6,30.8,13.2
90,Installation of transformer equipment,1.4.3.7,Agenda,2013-07-08 07:00:00,60d,0.0,0.0,60.0,0.0,864000.0,0.0,768.0,864.0,1152.0,896.0,384.0
91,Preparation for upcoming transport,1.4.3.8,Agenda,2013-09-06 07:00:00,10d,0.0,0.0,10.0,0.0,123000.0,0.0,128.0,144.0,192.0,149.33,64.0
94,Transport of OTS,1.4.4.1,Elapsed (24/7),2013-09-16 07:00:00,1d,0.0,0.0,1.0,0.0,0.0,0.0,12.8,14.4,19.2,14.93,6.4
95,Installation of OTS foundation,1.4.4.2,Agenda,2013-09-17 07:00:00,1d,0.0,0.0,1.0,0.0,0.0,0.0,12.8,14.4,19.2,14.93,6.4
100,Rock dumping as scour protection around the OTS foundation,1.5.1.1,Agenda,2013-09-18 07:00:00,2d,0.0,0.0,2.0,0.0,0.0,0.0,25.6,32.0,38.4,32.0,12.8
101,GOSA mattresses installations above existing underground cables as protection,1.5.1.2,Agenda,2013-09-20 07:00:00,12d,0.0,0.0,12.0,0.0,0.0,0.0,153.6,192.0,230.4,192.0,76.8
102,Pre-grapnel run to remove obstacles from cable trajectories,1.5.1.3,Agenda,2013-10-02 07:00:00,2d,0.0,0.0,2.0,0.0,0.0,0.0,25.6,32.0,38.4,32.0,12.8
104,Production in Karlskrona Sweden,1.5.2.1,Agenda,2013-02-04 06:00:00,120d,0.0,0.0,120.0,0.0,2205000.0,0.0,1900.8,1920.0,1939.2,1920.0,38.4
105,Transport,1.5.2.2,Elapsed (24/7),2013-06-06 06:00:00,5d,0.0,0.0,5.0,0.0,127000.0,0.0,79.2,80.0,80.8,80.0,1.6
106,Pre-grapnel runs to remove obstacles,1.5.2.3,Agenda,2013-06-11 06:00:00,1d,0.0,0.0,1.0,0.0,0.0,0.0,12.8,16.0,19.2,16.0,6.4
107,Wet trials,1.5.2.4,Agenda,2013-06-12 06:00:00,1d,0.0,0.0,1.0,0.0,37600.0,0.0,12.8,16.0,19.2,16.0,6.4
108,Cable laying works,1.5.2.5,Agenda,2013-10-31 06:00:00,48d,0.0,0.0,48.0,0.0,0.0,0.0,614.4,691.2,921.6,716.8,307.2
109,Final hang off of the cables in the WTG foundations,1.5.2.6,Agenda,2013-11-05 06:00:00,48d,0.0,0.0,48.0,0.0,0.0,0.0,614.4,691.2,921.6,716.8,307.2
110,Burial of cables,1.5.2.7,Agenda,2013-12-23 06:00:00,10d,0.0,0.0,10.0,0.0,0.0,0.0,128.0,160.0,192.0,160.0,64.0
111,Survey of burial depths,1.5.2.8,Agenda,2014-01-02 06:00:00,2d,0.0,0.0,2.0,0.0,0.0,0.0,25.6,32.0,38.4,32.0,12.8
112,Second remedial burial pass if necessary,1.5.2.9,Agenda,2014-01-04 06:00:00,4d,0.0,0.0,4.0,0.0,0.0,0.0,51.2,70.4,76.8,68.27,25.6
126,Pre-lay grapnel run on trajectory,1.6.1,Agenda,2013-02-04 06:00:00,2d,0.0,0.0,2.0,0.0,0.0,0.0,25.6,32.0,38.4,32.0,12.8
128,Purchase of raw materials,1.6.2.1,Agenda,2013-02-09 06:00:00,70d,0.0,0.0,70.0,0.0,1470000.0,0.0,1108.8,1120.0,1131.2,1120.0,22.4
129,Manufacturing in Karlskrona Sweden,1.6.2.2,Agenda,2013-03-31 06:00:00,40d,0.0,0.0,40.0,0.0,625600.0,0.0,633.6,640.0,646.4,640.0,12.8
130,Mobilisation of Stemat Spirit,1.6.2.3,Elapsed (24/7),2013-05-05 06:00:00,5d,0.0,0.0,5.0,0.0,16570.0,0.0,64.0,80.0,96.0,80.0,32.0
131,Transport Sweden-Ostend,1.6.2.4,Elapsed (24/7),2013-05-10 06:00:00,4d,0.0,0.0,4.0,0.0,15460.0,0.0,51.2,64.0,76.8,64.0,25.6
133,Dredging to widen shipping lane Vaargeul1,1.6.3.1,Elapsed (24/7),2013-05-04 06:00:00,5d,0.0,0.0,5.0,0.0,112000.0,0.0,64.0,80.0,96.0,80.0,32.0
134,Prepare trench where export cable B (150kV) is crossing Vaargeul1,1.6.3.2,Agenda,2013-05-09 06:00:00,5d,0.0,0.0,5.0,0.0,219000.0,0.0,64.0,80.0,96.0,80.0,32.0
136,Delivery of pipes to be drilled,1.6.4.1,Elapsed (24/7),2013-02-18 06:00:00,60d,0.0,0.0,60.0,0.0,103570.0,0.0,768.0,1056.0,1152.0,1024.0,384.0
193,Welding pipes together,1.6.4.2,Agenda,2013-04-19 06:00:00,5d,0.0,0.0,5.0,0.0,138000.0,0.0,79.2,80.0,80.8,80.0,1.6
137,Directional drillings on land,1.6.4.3,Agenda,2013-04-09 06:00:00,15d,0.0,0.0,15.0,0.0,223000.0,0.0,192.0,240.0,288.0,240.0,96.0
138,Pulling welded pipe in through drilling hole,1.6.4.4,Agenda,2013-04-24 06:00:00,3d,0.0,0.0,3.0,0.0,0.0,0.0,38.4,48.0,57.6,48.0,19.2
139,Factory Acceptance Tests on land cables,1.6.4.5,Agenda,2013-04-27 06:00:00,2d,0.0,0.0,2.0,0.0,12500.0,0.0,25.6,32.0,38.4,32.0,12.8
140,Cable laying onshore between export cable landing and Elia sub-station,1.6.4.6,Agenda,2013-05-12 06:00:00,5d,0.0,0.0,5.0,0.0,18200.0,0.0,64.0,72.0,96.0,74.67,32.0
141,Connection of the cables into Elia sub-station,1.6.4.7,Agenda,2013-05-17 06:00:00,2d,0.0,0.0,2.0,0.0,54600.0,0.0,25.6,32.0,38.4,32.0,12.8
194,Electrical commissioning tests on the onshore cable connections,1.6.4.8,Agenda,2013-05-19 06:00:00,1d,0.0,0.0,1.0,0.0,54600.0,0.0,12.8,14.4,19.2,14.93,6.4
149,Export cable laying on sea bed between coast and OTS,1.6.5.1,Elapsed (24/7),2013-05-14 06:00:00,10d,0.0,0.0,10.0,0.0,0.0,0.0,128.0,144.0,192.0,149.33,64.0
150,Landfall cable pull,1.6.5.2,Agenda,2013-05-24 06:00:00,1d,0.0,0.0,1.0,0.0,0.0,0.0,12.8,16.0,19.2,16.0,6.4
195,Making joint between sea cable and land cable,1.6.5.3,Agenda,2013-05-25 06:00:00,1d,0.0,0.0,1.0,0.0,12500.0,0.0,12.8,16.0,19.2,16.0,6.4
151,Backfilling of cable trench,1.6.5.4,Agenda,2013-05-26 06:00:00,3d,0.0,0.0,3.0,0.0,97000.0,0.0,38.4,43.2,57.6,44.8,19.2
152,Export cable pull in OTS,1.6.5.5,Agenda,2013-09-18 07:00:00,1d,0.0,0.0,1.0,0.0,12500.0,0.0,12.8,16.0,19.2,16.0,6.4
153,Complete connection of cable conductors and fibre optics,1.6.5.6,Agenda,2013-09-19 07:00:00,2d,0.0,0.0,2.0,0.0,12500.0,0.0,25.6,32.0,38.4,32.0,12.8
154,Testing 24 hours connection of cable conductors and fibre optics,1.6.5.7,Agenda,2013-09-21 07:00:00,1d,0.0,0.0,1.0,0.0,34600.0,0.0,12.8,16.0,19.2,16.0,6.4
156,Delivery of rock on Halve Maan site,1.6.6.1,Elapsed (24/7),2013-05-28 06:00:00,1d,0.0,0.0,1.0,0.0,325000.0,0.0,15.84,16.0,16.16,16.0,0.32
157,Mobilizing rock dumping vessel,1.6.6.2,Elapsed (24/7),2013-05-29 06:00:00,1d,0.0,0.0,1.0,0.0,0.0,0.0,12.8,16.0,19.2,16.0,6.4
158,Rock dumping on PEC crossing and Interconnector South,1.6.6.3,Agenda,2013-05-30 06:00:00,1d,0.0,0.0,1.0,0.0,0.0,0.0,12.8,14.4,19.2,14.93,6.4
